depto,codigo_alt,entidad,tipo_entidad,anio,clasificacion_ofpuj,clas_gen,total_recaudo
Córdoba,23001,Montería,Municipio,2024,Sobretasa ambiental,Ingresos propios,9095214372
Córdoba,23001,Montería,Municipio,2024,Sobretasa ambiental,Ingresos propios,1321531657
Córdoba,23001,Montería,Municipio,2024,Impuesto predial unificado,Ingresos propios,60303050596
Córdoba,23001,Montería,Municipio,2024,Impuesto predial unificado,Ingresos propios,8935640732
Córdoba,23001,Montería,Municipio,2024,Sobretasa a la gasolina,Ingresos propios,24217583000
Córdoba,23001,Montería,Municipio,2024,Impuesto de industria y comercio,Ingresos propios,26244595534
Córdoba,23001,Montería,Municipio,2024,Impuesto de industria y comercio,Ingresos propios,1433259681
Córdoba,23001,Montería,Municipio,2024,Impuesto de industria y comercio,Ingresos propios,65575691033
Córdoba,23001,Montería,Municipio,2024,Impuesto complementario de avisos y tableros,Ingresos propios,7893252818
Córdoba,23001,Montería,Municipio,2024,Otros ingresos tributarios,Ingresos propios,442926115
Córdoba,23001,Montería,Municipio,2024,Impuesto de delineacion,Ingresos propios,1024040625
Córdoba,23001,Montería,Municipio,2024,Otros ingresos tributarios,Ingresos propios,1084673979
Córdoba,23001,Montería,Municipio,2024,Impuesto de alumbrado publico,Ingresos propios,67486643859
Córdoba,23001,Montería,Municipio,2024,Sobretasa bomberil,Ingresos propios,4653701523
Córdoba,23001,Montería,Municipio,2024,Otros ingresos tributarios,Ingresos propios,3803363248
Córdoba,23001,Montería,Municipio,2024,Otros ingresos tributarios,Ingresos propios,5926913297
Córdoba,23001,Montería,Municipio,2024,Otros ingresos tributarios,Ingresos propios,3677405915
Córdoba,23001,Montería,Municipio,2024,Tasa prodeporte y recreacion,Ingresos propios,2682688771
Córdoba,23001,Montería,Municipio,2024,Estampillas,Ingresos propios,5920725379
Córdoba,23001,Montería,Municipio,2024,Estampillas,Ingresos propios,3245104687
Córdoba,23001,Montería,Municipio,2024,Estampillas,Ingresos propios,514440751
Córdoba,23001,Montería,Municipio,2024,"Tasas, multas y contribuciones",Ingresos propios,120859317
Córdoba,23001,Montería,Municipio,2024,"Tasas, multas y contribuciones",Ingresos propios,6812195424
Córdoba,23001,Montería,Municipio,2024,"Tasas, multas y contribuciones",Ingresos propios,508205457
Córdoba,23001,Montería,Municipio,2024,"Tasas, multas y contribuciones",Ingresos propios,467626741
Córdoba,23001,Montería,Municipio,2024,"Tasas, multas y contribuciones",Ingresos propios,3294413112
Córdoba,23001,Montería,Municipio,2024,"Tasas, multas y contribuciones",Ingresos propios,6282995439
Córdoba,23001,Montería,Municipio,2024,"Tasas, multas y contribuciones",Ingresos propios,4293307400
Córdoba,23001,Montería,Municipio,2024,"Tasas, multas y contribuciones",Ingresos propios,1673242509
Córdoba,23001,Montería,Municipio,2024,"Tasas, multas y contribuciones",Ingresos propios,111721796
Córdoba,23001,Montería,Municipio,2024,"Tasas, multas y contribuciones",Ingresos propios,2650055674
Córdoba,23001,Montería,Municipio,2024,Sistema general de participaciones,Transferencias,420607252493
Córdoba,23001,Montería,Municipio,2024,Sistema general de participaciones,Transferencias,6932559489
Córdoba,23001,Montería,Municipio,2024,Sistema general de participaciones,Transferencias,8058587558
Córdoba,23001,Montería,Municipio,2024,Sistema general de participaciones,Transferencias,178356375669
Córdoba,23001,Montería,Municipio,2024,Sistema general de participaciones,Transferencias,6423862963
Córdoba,23001,Montería,Municipio,2024,Sistema general de participaciones,Transferencias,2322228443
Córdoba,23001,Montería,Municipio,2024,Sistema general de participaciones,Transferencias,1741671332
Córdoba,23001,Montería,Municipio,2024,Sistema general de participaciones,Transferencias,22061170207
Córdoba,23001,Montería,Municipio,2024,Sistema general de participaciones,Transferencias,3844754176
Córdoba,23001,Montería,Municipio,2024,Sistema general de participaciones,Transferencias,13390842359
Córdoba,23001,Montería,Municipio,2024,Sistema general de participaciones,Transferencias,12115524038
Córdoba,23001,Montería,Municipio,2024,Sistema general de participaciones,Transferencias,6376591599
Córdoba,23001,Montería,Municipio,2024,Otras transferencias,Transferencias,6028600534
Córdoba,23001,Montería,Municipio,2024,Otras transferencias,Transferencias,22652560000
Córdoba,23001,Montería,Municipio,2024,Otras transferencias,Transferencias,212897981
Córdoba,23001,Montería,Municipio,2024,Otras transferencias,Transferencias,4407956236
Córdoba,23001,Montería,Municipio,2024,Otras transferencias,Transferencias,3988078351
Córdoba,23001,Montería,Municipio,2024,Recursos del sistema de seguridad social integral,Transferencias,336174687587
Córdoba,23001,Montería,Municipio,2024,Recursos del sistema de seguridad social integral,Transferencias,17251777433
Córdoba,23001,Montería,Municipio,2024,"Tasas, multas y contribuciones",Ingresos propios,8023027073
Córdoba,23001,Montería,Municipio,2024,Otros recursos de capital,Recursos de capital,165447789
Córdoba,23001,Montería,Municipio,2024,Otros recursos de capital,Recursos de capital,35882450
Córdoba,23001,Montería,Municipio,2024,Otros recursos de capital,Recursos de capital,9601507
Córdoba,23001,Montería,Municipio,2024,Otros recursos de capital,Recursos de capital,503838
Córdoba,23001,Montería,Municipio,2024,Otros recursos de capital,Recursos de capital,2374611988
Córdoba,23001,Montería,Municipio,2024,Otros recursos de capital,Recursos de capital,64305381
Córdoba,23001,Montería,Municipio,2024,Otros recursos de capital,Recursos de capital,16697973011
Córdoba,23001,Montería,Municipio,2024,Otros recursos de capital,Recursos de capital,599326985
Córdoba,23001,Montería,Municipio,2024,Otros recursos de capital,Recursos de capital,25165609
Córdoba,23001,Montería,Municipio,2024,Otros recursos de capital,Recursos de capital,977509812
Córdoba,23001,Montería,Municipio,2024,Recursos de crédito,Recursos de capital,9969000000
Córdoba,23001,Montería,Municipio,2024,Recursos del balance,Recursos de capital,6761896780
Córdoba,23001,Montería,Municipio,2024,Recursos del balance,Recursos de capital,7182056664
Córdoba,23001,Montería,Municipio,2024,Recursos del balance,Recursos de capital,14394928485
Córdoba,23001,Montería,Municipio,2024,Recursos del balance,Recursos de capital,3799504420
Córdoba,23001,Montería,Municipio,2024,Recursos del balance,Recursos de capital,1505632647
Córdoba,23001,Montería,Municipio,2024,Recursos del balance,Recursos de capital,2738502981
Córdoba,23001,Montería,Municipio,2024,Recursos del balance,Recursos de capital,296253072
Córdoba,23001,Montería,Municipio,2024,Recursos del balance,Recursos de capital,613644450
Córdoba,23001,Montería,Municipio,2024,Recursos del balance,Recursos de capital,779582987
Córdoba,23001,Montería,Municipio,2024,Recursos del balance,Recursos de capital,14553749
Córdoba,23001,Montería,Municipio,2024,Recursos del balance,Recursos de capital,6604792715
Córdoba,23001,Montería,Municipio,2024,Recursos del balance,Recursos de capital,386875391
Córdoba,23001,Montería,Municipio,2024,Recursos del balance,Recursos de capital,903901488
Córdoba,23001,Montería,Municipio,2024,Recursos del balance,Recursos de capital,22477695563
Córdoba,23001,Montería,Municipio,2024,Recursos del balance,Recursos de capital,7679542656
Córdoba,23001,Montería,Municipio,2024,Recursos del balance,Recursos de capital,9913741233
Córdoba,23001,Montería,Municipio,2024,Recursos del balance,Recursos de capital,530454366
Córdoba,23001,Montería,Municipio,2024,Recursos del balance,Recursos de capital,365437110
Córdoba,23001,Montería,Municipio,2024,Recursos del balance,Recursos de capital,2218177157
Córdoba,23001,Montería,Municipio,2024,Recursos del balance,Recursos de capital,25350469100
Córdoba,23001,Montería,Municipio,2024,Recursos del balance,Recursos de capital,1721257623
Córdoba,23001,Montería,Municipio,2024,Recursos del balance,Recursos de capital,6593500434
Córdoba,23001,Montería,Municipio,2024,Otros recursos de capital,Recursos de capital,320558000
Córdoba,23001,Montería,Municipio,2024,Otros recursos de capital,Recursos de capital,10744480953
Meta,50001,Villavicencio,Municipio,2024,Sobretasa ambiental,Ingresos propios,14053420534
Meta,50001,Villavicencio,Municipio,2024,Impuesto predial unificado,Ingresos propios,75320060335
Meta,50001,Villavicencio,Municipio,2024,Impuesto predial unificado,Ingresos propios,1938362480
Meta,50001,Villavicencio,Municipio,2024,Impuesto predial unificado,Ingresos propios,953934340
Meta,50001,Villavicencio,Municipio,2024,Impuesto predial unificado,Ingresos propios,66707347
Meta,50001,Villavicencio,Municipio,2024,Impuesto predial unificado,Ingresos propios,947355587
Meta,50001,Villavicencio,Municipio,2024,Sobretasa a la gasolina,Ingresos propios,446172675
Meta,50001,Villavicencio,Municipio,2024,Sobretasa a la gasolina,Ingresos propios,297448450
Meta,50001,Villavicencio,Municipio,2024,Sobretasa a la gasolina,Ingresos propios,146113307
Meta,50001,Villavicencio,Municipio,2024,Sobretasa a la gasolina,Ingresos propios,297448450
Meta,50001,Villavicencio,Municipio,2024,Sobretasa a la gasolina,Ingresos propios,28557662118
Meta,50001,Villavicencio,Municipio,2024,Impuesto de industria y comercio,Ingresos propios,1459801533
Meta,50001,Villavicencio,Municipio,2024,Impuesto de industria y comercio,Ingresos propios,973082330
Meta,50001,Villavicencio,Municipio,2024,Impuesto de industria y comercio,Ingresos propios,515335493
Meta,50001,Villavicencio,Municipio,2024,Impuesto de industria y comercio,Ingresos propios,973004385
Meta,50001,Villavicencio,Municipio,2024,Impuesto de industria y comercio,Ingresos propios,94434241511
Meta,50001,Villavicencio,Municipio,2024,Impuesto complementario de avisos y tableros,Ingresos propios,83877911
Meta,50001,Villavicencio,Municipio,2024,Impuesto complementario de avisos y tableros,Ingresos propios,8075292440
Meta,50001,Villavicencio,Municipio,2024,Impuesto complementario de avisos y tableros,Ingresos propios,3248467
Meta,50001,Villavicencio,Municipio,2024,Impuesto complementario de avisos y tableros,Ingresos propios,83877911
Meta,50001,Villavicencio,Municipio,2024,Impuesto complementario de avisos y tableros,Ingresos propios,125816858
Meta,50001,Villavicencio,Municipio,2024,Otros ingresos tributarios,Ingresos propios,377130517
Meta,50001,Villavicencio,Municipio,2024,Otros ingresos tributarios,Ingresos propios,1624827
Meta,50001,Villavicencio,Municipio,2024,Otros ingresos tributarios,Ingresos propios,3928290
Meta,50001,Villavicencio,Municipio,2024,Otros ingresos tributarios,Ingresos propios,5892435
Meta,50001,Villavicencio,Municipio,2024,Otros ingresos tributarios,Ingresos propios,3928290
Meta,50001,Villavicencio,Municipio,2024,Otros ingresos tributarios,Ingresos propios,660364100
Meta,50001,Villavicencio,Municipio,2024,Impuesto de delineacion,Ingresos propios,298063859
Meta,50001,Villavicencio,Municipio,2024,Impuesto de delineacion,Ingresos propios,6863973964
Meta,50001,Villavicencio,Municipio,2024,Impuesto de delineacion,Ingresos propios,215068787
Meta,50001,Villavicencio,Municipio,2024,Impuesto de delineacion,Ingresos propios,36347349
Meta,50001,Villavicencio,Municipio,2024,Impuesto de delineacion,Ingresos propios,376656
Meta,50001,Villavicencio,Municipio,2024,Impuesto de delineacion,Ingresos propios,71108293
Meta,50001,Villavicencio,Municipio,2024,Impuesto de delineacion,Ingresos propios,3093028
Meta,50001,Villavicencio,Municipio,2024,Impuesto de delineacion,Ingresos propios,8145871
Meta,50001,Villavicencio,Municipio,2024,Impuesto de delineacion,Ingresos propios,941641
Meta,50001,Villavicencio,Municipio,2024,Otros ingresos tributarios,Ingresos propios,383049561
Meta,50001,Villavicencio,Municipio,2024,Otros ingresos tributarios,Ingresos propios,3975500
Meta,50001,Villavicencio,Municipio,2024,Impuesto de alumbrado publico,Ingresos propios,8329675278
Meta,50001,Villavicencio,Municipio,2024,Impuesto de alumbrado publico,Ingresos propios,647852077
Meta,50001,Villavicencio,Municipio,2024,Impuesto de alumbrado publico,Ingresos propios,13098749
Meta,50001,Villavicencio,Municipio,2024,Impuesto de alumbrado publico,Ingresos propios,1503570019
Meta,50001,Villavicencio,Municipio,2024,Impuesto de alumbrado publico,Ingresos propios,2826058070
Meta,50001,Villavicencio,Municipio,2024,Impuesto de alumbrado publico,Ingresos propios,40913270
Meta,50001,Villavicencio,Municipio,2024,Impuesto de alumbrado publico,Ingresos propios,4554000
Meta,50001,Villavicencio,Municipio,2024,Impuesto de alumbrado publico,Ingresos propios,36748458851
Meta,50001,Villavicencio,Municipio,2024,Impuesto de alumbrado publico,Ingresos propios,380869915
Meta,50001,Villavicencio,Municipio,2024,Impuesto de alumbrado publico,Ingresos propios,1111500
Meta,50001,Villavicencio,Municipio,2024,Impuesto de alumbrado publico,Ingresos propios,70459000
Meta,50001,Villavicencio,Municipio,2024,Sobretasa bomberil,Ingresos propios,114560
Meta,50001,Villavicencio,Municipio,2024,Sobretasa bomberil,Ingresos propios,3957746234
Meta,50001,Villavicencio,Municipio,2024,Otros ingresos tributarios,Ingresos propios,456687580
Meta,50001,Villavicencio,Municipio,2024,Tasa prodeporte y recreacion,Ingresos propios,1033793618
Meta,50001,Villavicencio,Municipio,2024,Tasa prodeporte y recreacion,Ingresos propios,41548443
Meta,50001,Villavicencio,Municipio,2024,Tasa prodeporte y recreacion,Ingresos propios,27091000
Meta,50001,Villavicencio,Municipio,2024,Tasa prodeporte y recreacion,Ingresos propios,46647000
Meta,50001,Villavicencio,Municipio,2024,Tasa prodeporte y recreacion,Ingresos propios,1063835087
Meta,50001,Villavicencio,Municipio,2024,Tasa prodeporte y recreacion,Ingresos propios,521301000
Meta,50001,Villavicencio,Municipio,2024,Estampillas,Ingresos propios,1786673857
Meta,50001,Villavicencio,Municipio,2024,Estampillas,Ingresos propios,3435000
Meta,50001,Villavicencio,Municipio,2024,Estampillas,Ingresos propios,11008000
Meta,50001,Villavicencio,Municipio,2024,Estampillas,Ingresos propios,122713732
Meta,50001,Villavicencio,Municipio,2024,Estampillas,Ingresos propios,4835584589
Meta,50001,Villavicencio,Municipio,2024,Estampillas,Ingresos propios,125933000
Meta,50001,Villavicencio,Municipio,2024,Estampillas,Ingresos propios,204079800
Meta,50001,Villavicencio,Municipio,2024,Estampillas,Ingresos propios,2332600
Meta,50001,Villavicencio,Municipio,2024,Estampillas,Ingresos propios,103164200
Meta,50001,Villavicencio,Municipio,2024,Estampillas,Ingresos propios,92904710
Meta,50001,Villavicencio,Municipio,2024,Estampillas,Ingresos propios,6257000
Meta,50001,Villavicencio,Municipio,2024,Estampillas,Ingresos propios,10208
Meta,50001,Villavicencio,Municipio,2024,Estampillas,Ingresos propios,6167154
Meta,50001,Villavicencio,Municipio,2024,Estampillas,Ingresos propios,6100986
Meta,50001,Villavicencio,Municipio,2024,Estampillas,Ingresos propios,4719155963
Meta,50001,Villavicencio,Municipio,2024,Estampillas,Ingresos propios,1759014895
Meta,50001,Villavicencio,Municipio,2024,"Tasas, multas y contribuciones",Ingresos propios,164421538
Meta,50001,Villavicencio,Municipio,2024,"Tasas, multas y contribuciones",Ingresos propios,192544964
Meta,50001,Villavicencio,Municipio,2024,"Tasas, multas y contribuciones",Ingresos propios,429640400
Meta,50001,Villavicencio,Municipio,2024,"Tasas, multas y contribuciones",Ingresos propios,29971348
Meta,50001,Villavicencio,Municipio,2024,"Tasas, multas y contribuciones",Ingresos propios,21665000
Meta,50001,Villavicencio,Municipio,2024,"Tasas, multas y contribuciones",Ingresos propios,2038000001
Meta,50001,Villavicencio,Municipio,2024,"Tasas, multas y contribuciones",Ingresos propios,414810394
Meta,50001,Villavicencio,Municipio,2024,"Tasas, multas y contribuciones",Ingresos propios,199881273
Meta,50001,Villavicencio,Municipio,2024,"Tasas, multas y contribuciones",Ingresos propios,606046982
Meta,50001,Villavicencio,Municipio,2024,"Tasas, multas y contribuciones",Ingresos propios,6734000
Meta,50001,Villavicencio,Municipio,2024,"Tasas, multas y contribuciones",Ingresos propios,2069373688
Meta,50001,Villavicencio,Municipio,2024,"Tasas, multas y contribuciones",Ingresos propios,1441802563
Meta,50001,Villavicencio,Municipio,2024,"Tasas, multas y contribuciones",Ingresos propios,2087406239
Meta,50001,Villavicencio,Municipio,2024,"Tasas, multas y contribuciones",Ingresos propios,232889973
Meta,50001,Villavicencio,Municipio,2024,"Tasas, multas y contribuciones",Ingresos propios,116444986
Meta,50001,Villavicencio,Municipio,2024,"Tasas, multas y contribuciones",Ingresos propios,232889973
Meta,50001,Villavicencio,Municipio,2024,"Tasas, multas y contribuciones",Ingresos propios,28730776
Meta,50001,Villavicencio,Municipio,2024,"Tasas, multas y contribuciones",Ingresos propios,286917491
Meta,50001,Villavicencio,Municipio,2024,"Tasas, multas y contribuciones",Ingresos propios,212176566
Meta,50001,Villavicencio,Municipio,2024,"Tasas, multas y contribuciones",Ingresos propios,7053200
Meta,50001,Villavicencio,Municipio,2024,"Tasas, multas y contribuciones",Ingresos propios,286743400
Meta,50001,Villavicencio,Municipio,2024,"Tasas, multas y contribuciones",Ingresos propios,1174000
Meta,50001,Villavicencio,Municipio,2024,"Tasas, multas y contribuciones",Ingresos propios,10114073630
Meta,50001,Villavicencio,Municipio,2024,"Tasas, multas y contribuciones",Ingresos propios,74509713
Meta,50001,Villavicencio,Municipio,2024,"Tasas, multas y contribuciones",Ingresos propios,6699716278
Meta,50001,Villavicencio,Municipio,2024,"Tasas, multas y contribuciones",Ingresos propios,10538929
Meta,50001,Villavicencio,Municipio,2024,"Tasas, multas y contribuciones",Ingresos propios,1636183644
Meta,50001,Villavicencio,Municipio,2024,"Tasas, multas y contribuciones",Ingresos propios,25486127
Meta,50001,Villavicencio,Municipio,2024,"Tasas, multas y contribuciones",Ingresos propios,10538929
Meta,50001,Villavicencio,Municipio,2024,"Tasas, multas y contribuciones",Ingresos propios,4345426
Meta,50001,Villavicencio,Municipio,2024,"Tasas, multas y contribuciones",Ingresos propios,566888630
Meta,50001,Villavicencio,Municipio,2024,"Tasas, multas y contribuciones",Ingresos propios,7561320
Meta,50001,Villavicencio,Municipio,2024,"Tasas, multas y contribuciones",Ingresos propios,348131334
Meta,50001,Villavicencio,Municipio,2024,"Tasas, multas y contribuciones",Ingresos propios,57524020
Meta,50001,Villavicencio,Municipio,2024,"Tasas, multas y contribuciones",Ingresos propios,78395602
Meta,50001,Villavicencio,Municipio,2024,"Tasas, multas y contribuciones",Ingresos propios,5603998711
Meta,50001,Villavicencio,Municipio,2024,"Tasas, multas y contribuciones",Ingresos propios,57524020
Meta,50001,Villavicencio,Municipio,2024,Sistema general de participaciones,Transferencias,338380524800
Meta,50001,Villavicencio,Municipio,2024,Sistema general de participaciones,Transferencias,16379736048
Meta,50001,Villavicencio,Municipio,2024,Sistema general de participaciones,Transferencias,4841550401
Meta,50001,Villavicencio,Municipio,2024,Sistema general de participaciones,Transferencias,6188856860
Meta,50001,Villavicencio,Municipio,2024,Sistema general de participaciones,Transferencias,137415745575
Meta,50001,Villavicencio,Municipio,2024,Sistema general de participaciones,Transferencias,541551892
Meta,50001,Villavicencio,Municipio,2024,Sistema general de participaciones,Transferencias,6138008998
Meta,50001,Villavicencio,Municipio,2024,Sistema general de participaciones,Transferencias,245081493
Meta,50001,Villavicencio,Municipio,2024,Sistema general de participaciones,Transferencias,33603105010
Meta,50001,Villavicencio,Municipio,2024,Sistema general de participaciones,Transferencias,2505955974
Meta,50001,Villavicencio,Municipio,2024,Sistema general de participaciones,Transferencias,1879466981
Meta,50001,Villavicencio,Municipio,2024,Sistema general de participaciones,Transferencias,26939026727
Meta,50001,Villavicencio,Municipio,2024,Sistema general de participaciones,Transferencias,700766661
Meta,50001,Villavicencio,Municipio,2024,Sistema general de participaciones,Transferencias,921482159
Meta,50001,Villavicencio,Municipio,2024,Sistema general de participaciones,Transferencias,1561696955
Meta,50001,Villavicencio,Municipio,2024,Sistema general de participaciones,Transferencias,17907310241
Meta,50001,Villavicencio,Municipio,2024,Otras transferencias,Transferencias,126781319
Meta,50001,Villavicencio,Municipio,2024,Otras transferencias,Transferencias,84520880
Meta,50001,Villavicencio,Municipio,2024,Otras transferencias,Transferencias,41267766
Meta,50001,Villavicencio,Municipio,2024,Otras transferencias,Transferencias,84520698
Meta,50001,Villavicencio,Municipio,2024,Otras transferencias,Transferencias,8114997109
Meta,50001,Villavicencio,Municipio,2024,Otras transferencias,Transferencias,1260201500
Meta,50001,Villavicencio,Municipio,2024,Otras transferencias,Transferencias,100398364
Meta,50001,Villavicencio,Municipio,2024,Otras transferencias,Transferencias,1385203850
Meta,50001,Villavicencio,Municipio,2024,Otras transferencias,Transferencias,9646537227
Meta,50001,Villavicencio,Municipio,2024,Otras transferencias,Transferencias,4739669973
Meta,50001,Villavicencio,Municipio,2024,Otras transferencias,Transferencias,800000000
Meta,50001,Villavicencio,Municipio,2024,Otras transferencias,Transferencias,415099989
Meta,50001,Villavicencio,Municipio,2024,Recursos del sistema de seguridad social integral,Transferencias,418963066
Meta,50001,Villavicencio,Municipio,2024,Recursos del sistema de seguridad social integral,Transferencias,227488213036
Meta,50001,Villavicencio,Municipio,2024,Recursos del sistema de seguridad social integral,Transferencias,1338356
Meta,50001,Villavicencio,Municipio,2024,Recursos del sistema de seguridad social integral,Transferencias,12685907
Meta,50001,Villavicencio,Municipio,2024,Recursos del sistema de seguridad social integral,Transferencias,7105998
Meta,50001,Villavicencio,Municipio,2024,Recursos del sistema de seguridad social integral,Transferencias,15421475
Meta,50001,Villavicencio,Municipio,2024,Recursos del sistema de seguridad social integral,Transferencias,4190537
Meta,50001,Villavicencio,Municipio,2024,Recursos del sistema de seguridad social integral,Transferencias,2088552
Meta,50001,Villavicencio,Municipio,2024,Recursos del sistema de seguridad social integral,Transferencias,38160142
Meta,50001,Villavicencio,Municipio,2024,Recursos del sistema de seguridad social integral,Transferencias,3582704
Meta,50001,Villavicencio,Municipio,2024,Recursos del sistema de seguridad social integral,Transferencias,176517164
Meta,50001,Villavicencio,Municipio,2024,Recursos del sistema de seguridad social integral,Transferencias,4471946
Meta,50001,Villavicencio,Municipio,2024,Recursos del sistema de seguridad social integral,Transferencias,1712970
Meta,50001,Villavicencio,Municipio,2024,Recursos del sistema de seguridad social integral,Transferencias,242488
Meta,50001,Villavicencio,Municipio,2024,Recursos del sistema de seguridad social integral,Transferencias,16561495
Meta,50001,Villavicencio,Municipio,2024,Recursos del sistema de seguridad social integral,Transferencias,29478303
Meta,50001,Villavicencio,Municipio,2024,Recursos del sistema de seguridad social integral,Transferencias,279526075
Meta,50001,Villavicencio,Municipio,2024,"Tasas, multas y contribuciones",Ingresos propios,1956530176
Meta,50001,Villavicencio,Municipio,2024,Dividendos y utilidades por otras inversiones de capital,Recursos de capital,348266518
Meta,50001,Villavicencio,Municipio,2024,Dividendos y utilidades por otras inversiones de capital,Recursos de capital,272221574
Meta,50001,Villavicencio,Municipio,2024,Dividendos y utilidades por otras inversiones de capital,Recursos de capital,208774598
Meta,50001,Villavicencio,Municipio,2024,Otros recursos de capital,Recursos de capital,366738739
Meta,50001,Villavicencio,Municipio,2024,Otros recursos de capital,Recursos de capital,8338593
Meta,50001,Villavicencio,Municipio,2024,Otros recursos de capital,Recursos de capital,43326462
Meta,50001,Villavicencio,Municipio,2024,Otros recursos de capital,Recursos de capital,9806837
Meta,50001,Villavicencio,Municipio,2024,Otros recursos de capital,Recursos de capital,15894909
Meta,50001,Villavicencio,Municipio,2024,Otros recursos de capital,Recursos de capital,35783079
Meta,50001,Villavicencio,Municipio,2024,Otros recursos de capital,Recursos de capital,56089662
Meta,50001,Villavicencio,Municipio,2024,Otros recursos de capital,Recursos de capital,8793629
Meta,50001,Villavicencio,Municipio,2024,Otros recursos de capital,Recursos de capital,384668103
Meta,50001,Villavicencio,Municipio,2024,Otros recursos de capital,Recursos de capital,530415
Meta,50001,Villavicencio,Municipio,2024,Otros recursos de capital,Recursos de capital,136640934
Meta,50001,Villavicencio,Municipio,2024,Otros recursos de capital,Recursos de capital,2618031876
Meta,50001,Villavicencio,Municipio,2024,Otros recursos de capital,Recursos de capital,121129060
Meta,50001,Villavicencio,Municipio,2024,Otros recursos de capital,Recursos de capital,71814114
Meta,50001,Villavicencio,Municipio,2024,Otros recursos de capital,Recursos de capital,1519155153
Meta,50001,Villavicencio,Municipio,2024,Otros recursos de capital,Recursos de capital,4940069
Meta,50001,Villavicencio,Municipio,2024,Otros recursos de capital,Recursos de capital,93743
Meta,50001,Villavicencio,Municipio,2024,Otros recursos de capital,Recursos de capital,53927132
Meta,50001,Villavicencio,Municipio,2024,Otros recursos de capital,Recursos de capital,37813948
Meta,50001,Villavicencio,Municipio,2024,Otros recursos de capital,Recursos de capital,58094862
Meta,50001,Villavicencio,Municipio,2024,Otros recursos de capital,Recursos de capital,33294392
Meta,50001,Villavicencio,Municipio,2024,Otros recursos de capital,Recursos de capital,176163749
Meta,50001,Villavicencio,Municipio,2024,Otros recursos de capital,Recursos de capital,304271612
Meta,50001,Villavicencio,Municipio,2024,Otros recursos de capital,Recursos de capital,189069576
Meta,50001,Villavicencio,Municipio,2024,Otros recursos de capital,Recursos de capital,8316974
Meta,50001,Villavicencio,Municipio,2024,Otros recursos de capital,Recursos de capital,25237984
Meta,50001,Villavicencio,Municipio,2024,Otros recursos de capital,Recursos de capital,8331192
Meta,50001,Villavicencio,Municipio,2024,Otros recursos de capital,Recursos de capital,51286074
Meta,50001,Villavicencio,Municipio,2024,Otros recursos de capital,Recursos de capital,781294877
Meta,50001,Villavicencio,Municipio,2024,Otros recursos de capital,Recursos de capital,21805808
Meta,50001,Villavicencio,Municipio,2024,Otros recursos de capital,Recursos de capital,35125731
Meta,50001,Villavicencio,Municipio,2024,Otros recursos de capital,Recursos de capital,15782245
Meta,50001,Villavicencio,Municipio,2024,Otros recursos de capital,Recursos de capital,32089128
Meta,50001,Villavicencio,Municipio,2024,Otros recursos de capital,Recursos de capital,20287304
Meta,50001,Villavicencio,Municipio,2024,Otros recursos de capital,Recursos de capital,18525682
Meta,50001,Villavicencio,Municipio,2024,Otros recursos de capital,Recursos de capital,26837310
Meta,50001,Villavicencio,Municipio,2024,Otros recursos de capital,Recursos de capital,196507198
Meta,50001,Villavicencio,Municipio,2024,Otros recursos de capital,Recursos de capital,2986564
Meta,50001,Villavicencio,Municipio,2024,Otros recursos de capital,Recursos de capital,24597162
Meta,50001,Villavicencio,Municipio,2024,Recursos del balance,Recursos de capital,956404317
Meta,50001,Villavicencio,Municipio,2024,Recursos del balance,Recursos de capital,56143572
Meta,50001,Villavicencio,Municipio,2024,Recursos del balance,Recursos de capital,861036612
Meta,50001,Villavicencio,Municipio,2024,Recursos del balance,Recursos de capital,2238308810
Meta,50001,Villavicencio,Municipio,2024,Recursos del balance,Recursos de capital,9000000
Meta,50001,Villavicencio,Municipio,2024,Recursos del balance,Recursos de capital,7378542469
Meta,50001,Villavicencio,Municipio,2024,Recursos del balance,Recursos de capital,342872617
Meta,50001,Villavicencio,Municipio,2024,Recursos del balance,Recursos de capital,9045074458
Meta,50001,Villavicencio,Municipio,2024,Recursos del balance,Recursos de capital,2280214766
Meta,50001,Villavicencio,Municipio,2024,Recursos del balance,Recursos de capital,5678162
Meta,50001,Villavicencio,Municipio,2024,Recursos del balance,Recursos de capital,199533598
Meta,50001,Villavicencio,Municipio,2024,Recursos del balance,Recursos de capital,1695720495
Meta,50001,Villavicencio,Municipio,2024,Recursos del balance,Recursos de capital,32153748
Meta,50001,Villavicencio,Municipio,2024,Recursos del balance,Recursos de capital,3209638287
Meta,50001,Villavicencio,Municipio,2024,Recursos del balance,Recursos de capital,2746483806
Meta,50001,Villavicencio,Municipio,2024,Recursos del balance,Recursos de capital,845523225
Meta,50001,Villavicencio,Municipio,2024,Recursos del balance,Recursos de capital,102326727
Meta,50001,Villavicencio,Municipio,2024,Recursos del balance,Recursos de capital,749147327
Meta,50001,Villavicencio,Municipio,2024,Recursos del balance,Recursos de capital,25780000
Meta,50001,Villavicencio,Municipio,2024,Recursos del balance,Recursos de capital,527952284
Meta,50001,Villavicencio,Municipio,2024,Recursos del balance,Recursos de capital,212157052
Meta,50001,Villavicencio,Municipio,2024,Recursos del balance,Recursos de capital,19049519
Meta,50001,Villavicencio,Municipio,2024,Recursos del balance,Recursos de capital,989206483
Meta,50001,Villavicencio,Municipio,2024,Recursos del balance,Recursos de capital,879902945
Meta,50001,Villavicencio,Municipio,2024,Recursos del balance,Recursos de capital,2894928221
Meta,50001,Villavicencio,Municipio,2024,Recursos del balance,Recursos de capital,1348715461
Meta,50001,Villavicencio,Municipio,2024,Recursos del balance,Recursos de capital,436746579
Meta,50001,Villavicencio,Municipio,2024,Recursos del balance,Recursos de capital,609278008
Meta,50001,Villavicencio,Municipio,2024,Recursos del balance,Recursos de capital,1236502352
Meta,50001,Villavicencio,Municipio,2024,Recursos del balance,Recursos de capital,1562304930
Meta,50001,Villavicencio,Municipio,2024,Recursos del balance,Recursos de capital,11585953601
Meta,50001,Villavicencio,Municipio,2024,Recursos del balance,Recursos de capital,1897715427
Meta,50001,Villavicencio,Municipio,2024,Recursos del balance,Recursos de capital,2063288826
Meta,50001,Villavicencio,Municipio,2024,Recursos del balance,Recursos de capital,684658114
Meta,50001,Villavicencio,Municipio,2024,Recursos del balance,Recursos de capital,847972421
Meta,50001,Villavicencio,Municipio,2024,Recursos del balance,Recursos de capital,8753375187
Meta,50001,Villavicencio,Municipio,2024,Recursos del balance,Recursos de capital,2293309013
Meta,50001,Villavicencio,Municipio,2024,Recursos del balance,Recursos de capital,1100910131
Meta,50001,Villavicencio,Municipio,2024,Recursos del balance,Recursos de capital,372055037
Meta,50001,Villavicencio,Municipio,2024,Recursos del balance,Recursos de capital,938497799
Meta,50001,Villavicencio,Municipio,2024,Recursos del balance,Recursos de capital,420346342
Meta,50001,Villavicencio,Municipio,2024,Recursos del balance,Recursos de capital,18837081477
Meta,50001,Villavicencio,Municipio,2024,Recursos del balance,Recursos de capital,2387130992
Meta,50001,Villavicencio,Municipio,2024,Recursos del balance,Recursos de capital,3334427924
Meta,50001,Villavicencio,Municipio,2024,Recursos del balance,Recursos de capital,5715027035
Meta,50001,Villavicencio,Municipio,2024,Recursos del balance,Recursos de capital,103120069
Meta,50001,Villavicencio,Municipio,2024,Recursos del balance,Recursos de capital,1441726316
Meta,50001,Villavicencio,Municipio,2024,Recursos del balance,Recursos de capital,2053911406
Meta,50001,Villavicencio,Municipio,2024,Recursos del balance,Recursos de capital,230000000
Meta,50001,Villavicencio,Municipio,2024,Otros recursos de capital,Recursos de capital,6629503895
Meta,50001,Villavicencio,Municipio,2024,Otros recursos de capital,Recursos de capital,623948240
Meta,50001,Villavicencio,Municipio,2024,Otros recursos de capital,Recursos de capital,20221186
Meta,50001,Villavicencio,Municipio,2024,Otros recursos de capital,Recursos de capital,24141921
Cundinamarca,25178,Chipaque,Municipio,2024,Sobretasa ambiental,Ingresos propios,22329982
Cundinamarca,25178,Chipaque,Municipio,2024,Sobretasa ambiental,Ingresos propios,34268313
Cundinamarca,25178,Chipaque,Municipio,2024,Impuesto predial unificado,Ingresos propios,126000884
Cundinamarca,25178,Chipaque,Municipio,2024,Impuesto predial unificado,Ingresos propios,1272736
Cundinamarca,25178,Chipaque,Municipio,2024,Impuesto predial unificado,Ingresos propios,194270003
Cundinamarca,25178,Chipaque,Municipio,2024,Impuesto predial unificado,Ingresos propios,1962323
Cundinamarca,25178,Chipaque,Municipio,2024,Sobretasa a la gasolina,Ingresos propios,872992000
Cundinamarca,25178,Chipaque,Municipio,2024,Impuesto de industria y comercio,Ingresos propios,171794023
Cundinamarca,25178,Chipaque,Municipio,2024,Impuesto de industria y comercio,Ingresos propios,1735293
Cundinamarca,25178,Chipaque,Municipio,2024,Impuesto de industria y comercio,Ingresos propios,787836327
Cundinamarca,25178,Chipaque,Municipio,2024,Impuesto de industria y comercio,Ingresos propios,7957943
Cundinamarca,25178,Chipaque,Municipio,2024,Impuesto de industria y comercio,Ingresos propios,403082439
Cundinamarca,25178,Chipaque,Municipio,2024,Impuesto de industria y comercio,Ingresos propios,4071540
Cundinamarca,25178,Chipaque,Municipio,2024,Impuesto complementario de avisos y tableros,Ingresos propios,154202431
Cundinamarca,25178,Chipaque,Municipio,2024,Impuesto complementario de avisos y tableros,Ingresos propios,1557600
Cundinamarca,25178,Chipaque,Municipio,2024,Otros ingresos tributarios,Ingresos propios,6435000
Cundinamarca,25178,Chipaque,Municipio,2024,Otros ingresos tributarios,Ingresos propios,65000
Cundinamarca,25178,Chipaque,Municipio,2024,Impuesto de delineacion,Ingresos propios,36539727
Cundinamarca,25178,Chipaque,Municipio,2024,Impuesto de delineacion,Ingresos propios,369088
Cundinamarca,25178,Chipaque,Municipio,2024,Impuesto de alumbrado publico,Ingresos propios,160371491
Cundinamarca,25178,Chipaque,Municipio,2024,Sobretasa bomberil,Ingresos propios,77465202
Cundinamarca,25178,Chipaque,Municipio,2024,Otros ingresos tributarios,Ingresos propios,152151874
Cundinamarca,25178,Chipaque,Municipio,2024,Impuesto de transporte por oleoductos y gasoductos,Ingresos propios,25853226
Cundinamarca,25178,Chipaque,Municipio,2024,Tasa prodeporte y recreacion,Ingresos propios,212175639
Cundinamarca,25178,Chipaque,Municipio,2024,Estampillas,Ingresos propios,424346279
Cundinamarca,25178,Chipaque,Municipio,2024,Estampillas,Ingresos propios,212175627
Cundinamarca,25178,Chipaque,Municipio,2024,Estampillas,Ingresos propios,37459995
Cundinamarca,25178,Chipaque,Municipio,2024,"Tasas, multas y contribuciones",Ingresos propios,12408507
Cundinamarca,25178,Chipaque,Municipio,2024,"Tasas, multas y contribuciones",Ingresos propios,125439
Cundinamarca,25178,Chipaque,Municipio,2024,"Tasas, multas y contribuciones",Ingresos propios,20868098
Cundinamarca,25178,Chipaque,Municipio,2024,"Tasas, multas y contribuciones",Ingresos propios,693859
Cundinamarca,25178,Chipaque,Municipio,2024,"Tasas, multas y contribuciones",Ingresos propios,3063728
Cundinamarca,25178,Chipaque,Municipio,2024,"Tasas, multas y contribuciones",Ingresos propios,68692005
Cundinamarca,25178,Chipaque,Municipio,2024,"Tasas, multas y contribuciones",Ingresos propios,5434841
Cundinamarca,25178,Chipaque,Municipio,2024,"Tasas, multas y contribuciones",Ingresos propios,538049249
Cundinamarca,25178,Chipaque,Municipio,2024,"Tasas, multas y contribuciones",Ingresos propios,469001
Cundinamarca,25178,Chipaque,Municipio,2024,"Tasas, multas y contribuciones",Ingresos propios,46431112
Cundinamarca,25178,Chipaque,Municipio,2024,"Tasas, multas y contribuciones",Ingresos propios,32859802
Cundinamarca,25178,Chipaque,Municipio,2024,"Tasas, multas y contribuciones",Ingresos propios,2080956
Cundinamarca,25178,Chipaque,Municipio,2024,"Tasas, multas y contribuciones",Ingresos propios,206014664
Cundinamarca,25178,Chipaque,Municipio,2024,Sistema general de participaciones,Transferencias,116287525
Cundinamarca,25178,Chipaque,Municipio,2024,Sistema general de participaciones,Transferencias,178251301
Cundinamarca,25178,Chipaque,Municipio,2024,Sistema general de participaciones,Transferencias,3040987149
Cundinamarca,25178,Chipaque,Municipio,2024,Sistema general de participaciones,Transferencias,21601613
Cundinamarca,25178,Chipaque,Municipio,2024,Sistema general de participaciones,Transferencias,236473325
Cundinamarca,25178,Chipaque,Municipio,2024,Sistema general de participaciones,Transferencias,73210029
Cundinamarca,25178,Chipaque,Municipio,2024,Sistema general de participaciones,Transferencias,54907522
Cundinamarca,25178,Chipaque,Municipio,2024,Sistema general de participaciones,Transferencias,1885568847
Cundinamarca,25178,Chipaque,Municipio,2024,Sistema general de participaciones,Transferencias,15244544
Cundinamarca,25178,Chipaque,Municipio,2024,Sistema general de participaciones,Transferencias,1509209856
Cundinamarca,25178,Chipaque,Municipio,2024,Sistema general de participaciones,Transferencias,49556447
Cundinamarca,25178,Chipaque,Municipio,2024,Sistema general de participaciones,Transferencias,1362034982
Cundinamarca,25178,Chipaque,Municipio,2024,Otras transferencias,Transferencias,36439882
Cundinamarca,25178,Chipaque,Municipio,2024,Otras transferencias,Transferencias,368080
Cundinamarca,25178,Chipaque,Municipio,2024,Otras transferencias,Transferencias,309800700
Cundinamarca,25178,Chipaque,Municipio,2024,Otras transferencias,Transferencias,3129300
Cundinamarca,25178,Chipaque,Municipio,2024,Otras transferencias,Transferencias,1790978263
Cundinamarca,25178,Chipaque,Municipio,2024,Otras transferencias,Transferencias,55970000
Cundinamarca,25178,Chipaque,Municipio,2024,Recursos del sistema de seguridad social integral,Transferencias,4474390075
Cundinamarca,25178,Chipaque,Municipio,2024,"Tasas, multas y contribuciones",Ingresos propios,85122153
Cundinamarca,25178,Chipaque,Municipio,2024,Otros recursos de capital,Recursos de capital,125973
Cundinamarca,25178,Chipaque,Municipio,2024,Otros recursos de capital,Recursos de capital,20122618
Cundinamarca,25178,Chipaque,Municipio,2024,Otros recursos de capital,Recursos de capital,2187591
Cundinamarca,25178,Chipaque,Municipio,2024,Otros recursos de capital,Recursos de capital,2286936
Cundinamarca,25178,Chipaque,Municipio,2024,Otros recursos de capital,Recursos de capital,242
Cundinamarca,25178,Chipaque,Municipio,2024,Otros recursos de capital,Recursos de capital,201385
Cundinamarca,25178,Chipaque,Municipio,2024,Otros recursos de capital,Recursos de capital,8001979
Cundinamarca,25178,Chipaque,Municipio,2024,Otros recursos de capital,Recursos de capital,1140
Cundinamarca,25178,Chipaque,Municipio,2024,Otros recursos de capital,Recursos de capital,1101432
Cundinamarca,25178,Chipaque,Municipio,2024,Otros recursos de capital,Recursos de capital,1249690
Cundinamarca,25178,Chipaque,Municipio,2024,Otros recursos de capital,Recursos de capital,1302
Cundinamarca,25178,Chipaque,Municipio,2024,Otros recursos de capital,Recursos de capital,135695
Cundinamarca,25178,Chipaque,Municipio,2024,Otros recursos de capital,Recursos de capital,407968622
Cundinamarca,25178,Chipaque,Municipio,2024,Recursos del balance,Recursos de capital,2239618079
Cundinamarca,25178,Chipaque,Municipio,2024,Otros recursos de capital,Recursos de capital,69403000
